{"cameraMode":{"drawMode":0,"name":"Shaded","section":"Shading Mode"},"sceneLighting":true,"audioPlay":false,"sceneViewState":{"showFog":true,"showMaterialUpdate":true,"showSkybox":true,"showFlares":true,"showImageEffects":true,"showParticleSystems":true},"in2DMode":false,"pivot":{"x":-6.040316581726074,"y":0.3218574523925781,"z":-0.7405586242675781},"rotation":{"x":-0.08491348475217819,"y":0.8247238397598267,"z":-0.12870503962039948,"w":-0.5441117286682129},"size":29.473161697387697,"orthographic":false}